[
    {
      "id": 4,
      "icon": "GoldOutlined",
      "color": "blue",
      "label": "CRM",
      "link": "/CRM/Bookings",
      "children": [
        {
          "id": 3,
          "icon": "IdcardOutlined",
          "color": "red",
          "label": "Category",
          "link": "/CRM/Category"
        },
  
        {
          "id": 4,
          "icon": "IdcardOutlined",
          "color": "red",
          "label": "Sub Category",
          "link": "/CRM/SubCategory"
        },
  
        {
          "id": 2,
          "icon": "IdcardOutlined",
          "color": "red",
          "label": "Products/Service",
          "link": "/CRM/Products"
        },
  
        {
          "id": 5,
          "icon": "IdcardOutlined",
          "color": "red",
          "label": "Attributes",
          "link": "/CRM/Attributes"
        },
  
        {
          "id": 6,
          "icon": "IdcardOutlined",
          "color": "red",
          "label": "My Bookings",
          "link": "/CRM/OrderBookings"
        },
  
        {
          "id": 11,
          "icon": "IdcardOutlined",
          "color": "red",
          "label": "Clients",
          "link": "/CRM/Clients"
        },
        {
          "id": 3,
          "icon": "IdcardOutlined",
          "color": "red",
          "label": "Banner",
          "link": "/CRM/Banner"
        },
  
        {
          "id": 3,
          "icon": "IdcardOutlined",
          "color": "red",
          "label": "Copouns",
          "link": "/CRM/Copouns"
        }
      ]
    }
  ]
  